id,topics,question,choice_a,choice_b,choice_c,choice_d,correct_choice,explanation,choices,osq_suitable,suitability_score,confidence_level,classification_justification,osq_prompt,expected_answer,full_credit_criteria,partial_credit_criteria,no_credit_criteria,blooms_level,blooms_justification
,,What is the focus of Lean Engineering in system lifecycle models?,,,,,,,[],Yes,9,9,"A clear canonical answer exists (minimize waste and maximize value/flow across the lifecycle), so it can be assessed without options and in 1–2 sentences. Removing options does not introduce major ambiguity or change the construct, and the intent is preserved. Minor phrasing variations are acceptable, but they don’t undermine validity.","In 1–2 sentences, state the primary focus of Lean Engineering within system lifecycle models.",Maximizing customer value by eliminating waste and optimizing flow across the entire system lifecycle.,"3 points total:
- 1 point: Clearly states focus on delivering/maximizing customer value (e.g., ""value to the customer,"" ""value delivery"").
- 1 point: Explicitly mentions eliminating waste and/or improving efficiency/flow (e.g., ""waste reduction,"" ""optimize flow,"" ""reduce non–value-added work"").
- 1 point: Indicates scope across the entire lifecycle/value stream (e.g., ""across the system lifecycle,"" ""end-to-end,"" ""throughout development and sustainment""). Acceptable synonyms: value stream, end-to-end, whole lifecycle.","1–2 points if answer includes some but not all elements:
- 2 points: Mentions value and waste/flow but omits lifecycle scope, or correctly states lifecycle scope and value but omits waste/flow.
- 1 point: Mentions only one key element correctly (e.g., only ""eliminate waste"" or only ""deliver value""). Minor wording differences acceptable.
Common acceptable variants: ""maximize stakeholder value by removing non–value-added activities across the value stream,"" ""deliver value faster by reducing waste across the lifecycle.""","0 points if the response is off-topic or incorrect, such as:
- Focuses solely on cost-cutting without reference to value or waste/flow.
- Describes specific tools (e.g., Kanban, 5S) without stating the overarching focus.
- Emphasizes adding features/complexity or maximizing output regardless of value.
- Omits both value and waste/flow concepts.",Remember,"The prompt asks for recall of a core definition/aim of Lean Engineering, requiring retrieval of a memorized statement rather than analysis or application."
,,What is the recommended approach for arranging controls in a system according to MIL-STD-1472G?,,,,,,,[],No,0,0,"Error: [CLS id=] Model did not return valid JSON:
",,,,,,,
,,What role does the Initial Capabilities Document (ICD) play in the Material Solution Analysis phase?,,,,,,,[],Yes,9,9,"The question targets a clear, canonical definition of the ICD’s role in MSA (documenting the capability gap and guiding AoA/trade space), assessable without options. Scope is tight and answerable in 1–3 sentences, with minimal ambiguity and preserved construct after conversion. Minor wording differences about specific artifacts (e.g., AoA guidance) prevent a perfect 10.",,,,,,,"Error: [CVT id=] Model did not return valid JSON:
"
,,How must shipboard equipment perform during vibration testing to pass MIL-STD-167 criteria?,,,,,,,[],No,0,0,"Error: [CLS id=] Model did not return valid JSON:
",,,,,,,
,,How is the interaction between an actor and a use case represented in SysML?,,,,,,,[],Yes,10,10,"A single canonical answer exists (an association/communication link—solid line—between the actor and the use case in a use case diagram), so options are unnecessary. The scope is tight and answerable in one sentence, and removing options does not introduce ambiguity or change the construct, preserving intent.","In a SysML use case diagram, what relationship represents the interaction between an actor and a use case? Answer in 1 short phrase (3–8 words).",An association (communication) link/line.,"2 points: Explicitly identifies the relationship as an ""association"" (accept ""communication association/link/line"") indicating a connecting line between the actor and the use case. Acceptable variants: ""association line,"" ""communication association,"" ""association between actor and use case.""","1 point: Describes a connecting/communication line without correctly naming it as an association (e.g., ""a communication line"" or ""a connection between actor and use case"") or says ""connector"" ambiguously. Also award 1 point if the answer says ""association"" but mislabels minor details (e.g., adds an unnecessary arrow).","0 points: Names an incorrect relationship (e.g., include, extend, dependency, generalization, realization) or gives an unrelated/unclear answer (e.g., ""message,"" ""signal,"" ""sequence"").",Remember,The task requires recalling the specific named relationship used in SysML use case diagrams without interpretation or application.
